target_intervals,classes,anchor_models,coverage,repeats,mean_seconds,std_seconds,intervals_per_second,accepted_intervals
5000,12,5,0.05,5,0.021979180403286593,0.000206764320999968,227488.00948248006,250
20000,12,5,0.05,5,0.08977990620187484,0.00020453050588460634,222766.9959359163,1000
50000,12,5,0.05,5,0.22835174259962515,0.0002655058512831538,218960.4486078578,2500
